{"cameraMode":{"drawMode":0,"name":"Shaded","section":"Shading Mode"},"sceneLighting":true,"audioPlay":false,"sceneViewState":{"m_AlwaysRefresh":false,"showFog":true,"showSkybox":true,"showFlares":true,"showImageEffects":true,"showParticleSystems":true,"showVisualEffectGraphs":true,"m_FxEnabled":true},"in2DMode":false,"pivot":{"x":62.782867431640628,"y":-92.0362777709961,"z":85.38325500488281},"rotation":{"x":0.26080384850502016,"y":0.36081916093826296,"z":-0.10583111643791199,"w":0.8891647458076477},"size":106.61204528808594,"orthographic":false}